series,fz,n,rmse_mean,rmse_std,rmse_median,rmse_q25,rmse_q75,time_median_ms,converged_frac
model,0.0000,1,0.0000,0.0000,0.0000,0.0000,0.0000,0.0000,1.0000
model,0.0500,1,7.6190,0.0000,7.6190,7.6190,7.6190,0.0000,1.0000
model,0.1000,1,12.8058,0.0000,12.8058,12.8058,12.8058,0.0000,1.0000
model,0.1500,1,16.5835,0.0000,16.5835,16.5835,16.5835,0.0000,1.0000
model,0.2000,1,19.4790,0.0000,19.4790,19.4790,19.4790,0.0000,1.0000
model,0.2500,1,21.7860,0.0000,21.7860,21.7860,21.7860,0.0000,1.0000
model,0.3000,1,23.6798,0.0000,23.6798,23.6798,23.6798,0.0000,1.0000
m1,0.0000,50,15.6595,0.3554,15.6041,15.4290,15.9366,1.2411,0.8200
m1,0.0500,50,14.4004,1.0580,14.6694,14.4210,14.7924,5.7728,0.9800
m1,0.1000,50,13.1651,0.7858,13.2585,12.7635,13.5555,11.7448,1.0000
m1,0.1500,50,11.5954,1.3432,11.7891,11.0771,12.3585,13.3234,0.9200
m1,0.2000,50,9.9187,1.7897,10.2092,8.7118,11.1281,13.4719,0.9400
m1,0.2500,50,8.9090,2.0245,8.6903,6.9545,10.6707,16.3398,0.7800
m1,0.3000,50,7.7934,2.0015,6.9624,6.0478,9.0137,18.2371,0.7400
m2_0.01,0.0000,50,5.9782,0.0476,5.9832,5.9515,6.0071,0.9932,1.0000
m2_0.01,0.0500,50,12.6375,0.0521,12.6423,12.6049,12.6700,1.0029,1.0000
m2_0.01,0.1000,50,17.2580,0.0530,17.2627,17.2231,17.2915,1.0027,1.0000
m2_0.01,0.1500,50,20.6350,0.0534,20.6396,20.5988,20.6688,0.9909,1.0000
m2_0.01,0.2000,50,23.2274,0.0537,23.2326,23.1904,23.2613,1.0013,1.0000
m2_0.01,0.2500,50,25.2953,0.0539,25.3010,25.2574,25.3291,1.0065,1.0000
m2_0.01,0.3000,50,26.9946,0.0540,27.0007,26.9560,27.0284,1.0038,1.0000
m2_0.1,0.0000,50,4.1788,0.0626,4.1848,4.1378,4.2178,0.9937,1.0000
m2_0.1,0.0500,50,10.3289,0.0758,10.3357,10.2787,10.3768,0.9998,1.0000
m2_0.1,0.1000,50,14.7141,0.0775,14.7208,14.6616,14.7631,1.0068,1.0000
m2_0.1,0.1500,50,17.9325,0.0782,17.9398,17.8788,17.9818,0.9879,1.0000
m2_0.1,0.2000,50,20.4085,0.0786,20.4165,20.3536,20.4579,1.0127,1.0000
m2_0.1,0.2500,50,22.3865,0.0789,22.3950,22.3306,22.4359,0.9998,1.0000
m2_0.1,0.3000,50,24.0141,0.0790,24.0230,23.9575,24.0635,0.9907,1.0000
m2_0.5,0.0000,50,12.3735,0.2836,12.3334,12.1952,12.5853,1.1561,1.0000
m2_0.5,0.0500,50,9.3135,0.2611,9.2690,9.1438,9.5020,1.0174,1.0000
m2_0.5,0.1000,50,7.3198,0.2304,7.2772,7.1663,7.4869,1.0005,1.0000
m2_0.5,0.1500,50,5.9727,0.1902,5.9342,5.8430,6.1095,1.0297,1.0000
m2_0.5,0.2000,50,5.0623,0.1399,5.0301,4.9641,5.1582,1.0631,1.0000
m2_0.5,0.2500,50,4.4725,0.0816,4.4487,4.4188,4.5223,1.1632,1.0000
m2_0.5,0.3000,50,4.1281,0.0243,4.1217,4.1130,4.1386,1.1429,1.0000
m3,0.0000,50,4.6944,4.0518,2.2161,1.8053,7.4438,2.6622,0.9200
m3,0.0500,50,3.3107,3.8011,1.3910,1.1991,2.3683,3.0024,0.9600
m3,0.1000,50,2.6200,3.2115,1.1715,0.9411,1.4937,5.1033,0.9600
m3,0.1500,50,2.1152,2.2021,1.3005,1.0439,1.6240,4.5399,0.9800
m3,0.2000,50,1.8813,1.2929,1.5734,1.2707,1.8166,6.3231,0.9600
m3,0.2500,50,1.9479,0.6537,1.9291,1.6206,2.0873,8.4362,0.9600
m3,0.3000,50,2.2255,0.3226,2.2674,2.0008,2.4457,9.8946,0.9400
